{"cameraMode":{"drawMode":0,"name":"Shaded","section":"Shading Mode"},"sceneLighting":false,"audioPlay":false,"sceneViewState":{"showFog":true,"showMaterialUpdate":false,"showSkybox":false,"showFlares":true,"showImageEffects":true,"showParticleSystems":true},"in2DMode":false,"pivot":{"x":0.022971466183662416,"y":0.0,"z":1.341104507446289e-7},"rotation":{"x":0.09710849076509476,"y":-0.10520348697900772,"z":0.010329144075512886,"w":0.9896676540374756},"size":0.12689635157585145,"orthographic":false}