{"cameraMode":{"drawMode":0,"name":"Shaded","section":"Shading Mode"},"sceneLighting":false,"audioPlay":false,"sceneViewState":{"showFog":true,"showMaterialUpdate":false,"showSkybox":false,"showFlares":true,"showImageEffects":true,"showParticleSystems":true},"in2DMode":false,"pivot":{"x":-2.4463882446289064,"y":-0.03828219324350357,"z":-9.844254493713379},"rotation":{"x":-0.07568361610174179,"y":0.164356529712677,"z":-0.012662100605666638,"w":-0.9834237098693848},"size":0.3173235058784485,"orthographic":false}