{"cameraMode":{"drawMode":0,"name":"Shaded","section":"Shading Mode"},"sceneLighting":true,"audioPlay":false,"sceneViewState":{"showFog":true,"showMaterialUpdate":false,"showSkybox":true,"showFlares":true,"showImageEffects":true,"showParticleSystems":true},"in2DMode":false,"pivot":{"x":-37.13689422607422,"y":24.998069763183595,"z":82.50775909423828},"rotation":{"x":-0.1431916058063507,"y":0.020190825685858728,"z":-0.0028951531276106836,"w":-0.9895108938217163},"size":56.82085037231445,"orthographic":false}