{"cameraMode":{"drawMode":0,"name":"Shaded","section":"Shading Mode"},"sceneLighting":false,"audioPlay":false,"sceneViewState":{"showFog":true,"showMaterialUpdate":false,"showSkybox":false,"showFlares":true,"showImageEffects":true,"showParticleSystems":true},"in2DMode":false,"pivot":{"x":0.00810922123491764,"y":1.5934945344924927,"z":3.010331153869629},"rotation":{"x":-0.05380236729979515,"y":0.5251256227493286,"z":-0.03328896313905716,"w":-0.8486791253089905},"size":2.9660253524780275,"orthographic":false}