{"cameraMode":{"drawMode":0,"name":"Shaded","section":"Shading Mode"},"sceneLighting":false,"audioPlay":false,"sceneViewState":{"showFog":true,"showMaterialUpdate":false,"showSkybox":false,"showFlares":true,"showImageEffects":true,"showParticleSystems":true},"in2DMode":false,"pivot":{"x":-4.430069923400879,"y":0.45920801162719729,"z":5.122859954833984},"rotation":{"x":-0.0522451288998127,"y":0.9471420645713806,"z":-0.2054520845413208,"w":-0.24083371460437776},"size":2.9926047325134279,"orthographic":false}