{"cameraMode":{"drawMode":0,"name":"Shaded","section":"Shading Mode"},"sceneLighting":true,"audioPlay":false,"sceneViewState":{"showFog":true,"showMaterialUpdate":false,"showSkybox":true,"showFlares":true,"showImageEffects":true,"showParticleSystems":true},"in2DMode":false,"pivot":{"x":7.670434474945068,"y":5.531946182250977,"z":6.2060627937316898},"rotation":{"x":-0.19978249073028565,"y":0.7141665816307068,"z":-0.22586531937122346,"w":-0.6316983699798584},"size":0.9375888705253601,"orthographic":false}