{"cameraMode":{"drawMode":0,"name":"Shaded","section":"Shading Mode"},"sceneLighting":false,"audioPlay":false,"sceneViewState":{"showFog":true,"showMaterialUpdate":false,"showSkybox":false,"showFlares":true,"showImageEffects":true,"showParticleSystems":true},"in2DMode":false,"pivot":{"x":-1.7719379663467408,"y":-0.31240034103393557,"z":-1.103677749633789},"rotation":{"x":-0.01671556569635868,"y":0.9764167070388794,"z":-0.1992616504430771,"w":-0.08191580325365067},"size":6.1607255935668949,"orthographic":false}