{"cameraMode":{"drawMode":0,"name":"Shaded","section":"Shading Mode"},"sceneLighting":true,"audioPlay":false,"sceneViewState":{"showFog":true,"showMaterialUpdate":false,"showSkybox":true,"showFlares":true,"showImageEffects":true,"showParticleSystems":true},"in2DMode":false,"pivot":{"x":0.9782902002334595,"y":1.5799996852874756,"z":6.742758750915527},"rotation":{"x":-0.08688720315694809,"y":0.08417434990406037,"z":-0.007381577976047993,"w":-0.9926396608352661},"size":13.283705711364746,"orthographic":false}