{"cameraMode":{"drawMode":0,"name":"Shaded","section":"Shading Mode"},"sceneLighting":false,"audioPlay":false,"sceneViewState":{"showFog":true,"showMaterialUpdate":false,"showSkybox":false,"showFlares":true,"showImageEffects":true,"showParticleSystems":true},"in2DMode":false,"pivot":{"x":0.2809596061706543,"y":0.9855284690856934,"z":5.135751724243164},"rotation":{"x":0.06705755740404129,"y":0.9213610291481018,"z":-0.18399928510189057,"w":0.3358039855957031},"size":3.3647499084472658,"orthographic":false}